{
    "accuracy": 0.9336810435264543,
    "precision": 0.89793452342592,
    "recall": 0.993475819533325,
    "f1": 0.943292120473567,
    "roc_auc": 0.9533780045604443,
    "decision_threshold": 0.5
}